size,avg_time
36,0.31047964096069336
64,1.1110581874847412
100,8.675742530822754
144,11.637317991256714
196,98.60569972991944
256,253.2746600151062
324,299.7339894771576
400,576.1418937683105
484,957.0484031200409
576,1027.5023816108703
676,1171.7006430625916
784,1244.5879717350006
900,2762.8979816913607
1024,3067.814799308777
1156,3722.5801607131957
1296,3936.693175983429
