size,avg_time
36,0.30205450057983396
56,0.44515676498413087
80,1.104701042175293
108,1.9312670707702637
140,2.231313133239746
176,9.285049867630004
216,19.03375401496887
260,22.635736894607543
308,27.55198531150818
360,39.15740280151367
416,49.531880903244016
476,51.895829629898074
540,41.71215467453003
608,83.00140280723572
680,82.25080337524415
756,125.5126048564911
836,301.11925010681153
920,2041.1487688541413
1008,2021.3562139987946
1100,3372.526180410385
