size,avg_time
36,0.2918829917907715
64,0.5795720418294271
100,1.4934245745340984
144,1.725482702255249
196,2.5836029847462973
256,6.165185292561849
324,11.921684503555298
400,59.33652210235596
484,75.44565399487813
576,58.238529205322266
676,165.48530960083008
784,1347.1406982739766
900,1112.3890354633331
1024,1777.3487733205159
1156,2373.4756093819938
1296,3261.005977074305